id,film1,film2,film3,film4,film5,film6,film7,film8,film9,film10,film11,film12,block,dateTime
402,6,4,5,5,4,5,,,,,,,wb1,"2023-11-22 23:27:53"
403,3,2,4,3,3,3,,,,,,,wb1,"2023-11-22 23:28:03"
404,1,6,3,4,4,6,,,,,,,wb1,"2023-11-22 23:28:18"
405,3,4,3,6,5,5,,,,,,,wb1,"2023-11-22 23:28:20"
406,3,3,2,1,3,5,,,,,,,wb1,"2023-11-22 23:28:22"
407,6,5,5,6,5,4,,,,,,,wb1,"2023-11-22 23:28:30"
408,4,4,2,3,4,4,,,,,,,wb1,"2023-11-22 23:28:30"
409,4,5,4,3,3,5,,,,,,,wb1,"2023-11-22 23:28:30"
410,3,2,3,3,6,5,,,,,,,wb1,"2023-11-22 23:28:31"
411,4,5,6,5,4,6,,,,,,,wb1,"2023-11-22 23:28:35"
412,4,6,3,4,4,4,,,,,,,wb1,"2023-11-22 23:28:40"
413,4,4,5,2,2,1,,,,,,,wb1,"2023-11-22 23:28:42"
414,4,5,5,3,1,4,,,,,,,wb1,"2023-11-22 23:28:43"
415,2,2,5,1,4,6,,,,,,,wb1,"2023-11-22 23:28:43"
416,3,4,6,5,6,5,,,,,,,wb1,"2023-11-22 23:28:44"
417,5,2,2,4,4,6,,,,,,,wb1,"2023-11-22 23:28:46"
418,3,6,3,4,3,6,,,,,,,wb1,"2023-11-22 23:28:47"
419,3,3,3,2,3,5,,,,,,,wb1,"2023-11-22 23:28:50"
420,4,3,4,2,5,4,,,,,,,wb1,"2023-11-22 23:28:52"
421,5,5,2,1,3,1,,,,,,,wb1,"2023-11-22 23:28:54"
422,4,4,5,6,3,5,,,,,,,wb1,"2023-11-22 23:28:55"
423,3,5,3,3,3,4,,,,,,,wb1,"2023-11-22 23:28:55"
424,4,4,5,5,5,6,,,,,,,wb1,"2023-11-22 23:29:11"
425,6,3,0,5,4,5,,,,,,,wb1,"2023-11-22 23:29:16"
426,4,5,4,4,4,5,,,,,,,wb1,"2023-11-22 23:29:18"
427,3,6,6,5,3,3,,,,,,,wb1,"2023-11-22 23:29:29"
428,4,5,5,3,2,5,,,,,,,wb1,"2023-11-22 23:29:35"
429,0,0,2,3,5,6,,,,,,,wb1,"2023-11-22 23:29:38"
430,0,0,3,4,5,0,,,,,,,wb1,"2023-11-22 23:29:46"
431,4,5,3,4,3,5,,,,,,,wb1,"2023-11-22 23:29:54"
432,3,3,2,4,4,5,,,,,,,wb1,"2023-11-22 23:30:05"
433,3,4,3,2,6,5,,,,,,,wb1,"2023-11-22 23:31:31"
434,5,5,5,5,4,3,,,,,,,wb1,"2023-11-22 23:47:23"
435,3,3,2,4,4,5,,,,,,,wb1,"2023-11-23 00:23:57"
436,5,5,5,5,4,3,,,,,,,wb1,"2023-11-23 09:43:53"
437,4,4,2,3,4,4,,,,,,,wb1,"2023-11-23 11:34:34"
438,4,4,5,6,3,5,,,,,,,wb1,"2023-11-23 12:34:06"
439,4,4,5,6,3,5,,,,,,,wb1,"2023-11-23 16:31:48"
440,4,4,5,6,3,5,,,,,,,wb1,"2023-11-23 19:06:01"
441,4,2,4,2,3,6,,,,,,,wb1,"2023-11-23 19:12:01"
442,4,3,6,1,3,6,,,,,,,wb1,"2023-11-23 19:12:46"
443,0,6,0,6,0,6,,,,,,,wb1,"2023-11-23 19:13:06"
444,3,4,4,3,4,6,,,,,,,wb1,"2023-11-23 19:14:19"
445,3,4,6,1,2,6,,,,,,,wb1,"2023-11-23 19:14:22"
446,5,5,4,3,4,6,,,,,,,wb1,"2023-11-23 19:15:12"
447,4,4,4,5,4,2,,,,,,,wb2,"2023-11-23 19:21:42"
448,5,5,4,4,6,3,,,,,,,wb2,"2023-11-23 19:21:56"
449,4,5,6,6,6,6,,,,,,,wb2,"2023-11-23 19:21:57"
450,3,5,6,5,4,2,,,,,,,wb2,"2023-11-23 19:21:57"
451,3,6,6,4,5,6,,,,,,,wb2,"2023-11-23 19:22:04"
452,5,3,5,5,5,1,,,,,,,wb2,"2023-11-23 19:22:08"
453,3,5,2,4,4,3,,,,,,,wb2,"2023-11-23 19:22:09"
454,4,5,4,5,3,4,,,,,,,wb2,"2023-11-23 19:22:18"
455,1,5,4,4,6,5,,,,,,,wb2,"2023-11-23 19:22:22"
456,6,4,6,6,6,5,,,,,,,wb2,"2023-11-23 19:22:25"
457,5,5,4,5,5,4,,,,,,,wb2,"2023-11-23 19:22:34"
458,6,4,5,5,4,6,,,,,,,wb2,"2023-11-23 19:22:36"
459,4,6,3,4,6,6,,,,,,,wb2,"2023-11-23 19:22:36"
460,6,4,6,3,3,6,,,,,,,wb2,"2023-11-23 19:22:39"
461,6,6,6,5,5,6,,,,,,,wb2,"2023-11-23 19:22:48"
462,6,4,4,3,6,6,,,,,,,wb2,"2023-11-23 19:22:48"
463,4,4,3,6,5,4,,,,,,,wb2,"2023-11-23 19:22:51"
464,6,6,6,3,5,4,,,,,,,wb2,"2023-11-23 19:22:56"
465,5,5,4,3,5,6,,,,,,,wb1,"2023-11-23 19:23:01"
466,5,3,1,2,5,4,,,,,,,wb2,"2023-11-23 19:23:04"
467,1,4,3,2,2,6,,,,,,,wb2,"2023-11-23 19:23:04"
468,3,5,3,6,6,6,,,,,,,wb2,"2023-11-23 19:23:04"
469,5,5,6,4,3,2,,,,,,,wb2,"2023-11-23 19:23:05"
470,6,6,6,6,5,3,,,,,,,wb2,"2023-11-23 19:23:14"
471,5,5,5,4,5,6,,,,,,,wb2,"2023-11-23 19:23:14"
472,2,4,4,3,4,6,,,,,,,wb2,"2023-11-23 19:23:17"
473,2,4,3,3,4,5,,,,,,,wb2,"2023-11-23 19:23:24"
474,6,5,5,3,6,4,,,,,,,wb2,"2023-11-23 19:23:29"
475,5,2,5,4,4,3,,,,,,,wb2,"2023-11-23 19:23:35"
476,3,5,4,4,5,3,,,,,,,wb2,"2023-11-23 19:23:36"
477,6,6,6,6,6,6,,,,,,,wb2,"2023-11-23 19:23:36"
478,5,5,6,6,4,6,,,,,,,wb2,"2023-11-23 19:23:39"
479,3,0,6,0,0,3,,,,,,,wb2,"2023-11-23 19:23:48"
480,5,6,3,3,3,3,,,,,,,wb2,"2023-11-23 19:24:02"
481,5,2,5,4,4,3,,,,,,,wb2,"2023-11-23 19:24:17"
482,4,6,4,5,3,5,,,,,,,wb2,"2023-11-23 19:24:20"
483,5,2,5,4,4,3,,,,,,,wb2,"2023-11-23 19:24:20"
484,3,4,4,4,5,5,,,,,,,wb2,"2023-11-23 19:24:22"
485,6,6,6,6,6,6,,,,,,,wb2,"2023-11-23 19:24:27"
486,4,4,4,3,2,5,,,,,,,wb2,"2023-11-23 19:25:03"
487,5,5,6,4,3,4,,,,,,,wb2,"2023-11-23 19:25:08"
488,4,4,3,4,3,6,,,,,,,wb2,"2023-11-23 19:25:14"
489,6,4,4,3,5,6,,,,,,,wb2,"2023-11-23 19:25:26"
490,6,1,6,3,5,5,,,,,,,wb2,"2023-11-23 19:25:40"
491,6,4,5,2,5,6,,,,,,,wb2,"2023-11-23 19:25:59"
492,5,1,1,1,1,6,,,,,,,wb2,"2023-11-23 19:26:21"
493,5,6,4,3,2,6,,,,,,,wb2,"2023-11-23 19:27:28"
494,5,6,5,6,6,4,,,,,,,wb2,"2023-11-23 19:29:02"
495,3,2,4,6,4,3,,,,,,,wb2,"2023-11-23 19:36:57"
496,5,5,5,4,5,6,,,,,,,wb2,"2023-11-23 20:08:14"
497,6,4,5,2,5,6,,,,,,,wb2,"2023-11-23 20:10:36"
498,6,6,6,6,6,6,,,,,,,wb2,"2023-11-23 20:22:27"
499,6,6,6,6,6,6,,,,,,,wb2,"2023-11-23 20:22:37"
500,6,6,6,6,6,6,,,,,,,wb2,"2023-11-23 20:22:43"
501,6,6,6,2,6,6,,,,,,,wb2,"2023-11-23 20:25:05"
502,6,6,6,3,6,3,,,,,,,wb2,"2023-11-23 20:28:27"
503,6,6,5,4,6,6,,,,,,,wb2,"2023-11-23 20:32:45"
504,4,5,5,6,4,5,5,,,,,,wbt,"2023-11-23 21:17:24"
505,4,4,5,4,4,4,5,,,,,,wbt,"2023-11-23 21:17:37"
506,1,1,1,6,1,1,,,,,,,wb2,"2023-11-23 21:18:26"
507,2,2,2,6,3,6,3,,,,,,wbt,"2023-11-23 21:21:37"
508,3,2,1,5,3,6,,,,,,,wb1,"2023-11-23 21:22:27"
509,6,6,3,6,5,3,,,,,,,wb2,"2023-11-23 21:22:50"
510,4,2,4,3,4,2,,,,,,,wb2,"2023-11-23 21:24:00"
511,3,2,2,6,4,3,,,,,,,wb2,"2023-11-23 21:27:40"
512,4,5,3,3,5,6,,,,,,,wb3,"2023-11-23 21:33:11"
513,5,1,6,4,1,6,,,,,,,wb3,"2023-11-23 21:33:15"
514,3,5,3,4,4,6,,,,,,,wb3,"2023-11-23 21:34:11"
515,4,5,6,5,4,5,6,,,,,,wbt,"2023-11-23 21:35:21"
516,1,1,1,3,4,3,,,,,,,wb3,"2023-11-23 21:37:00"
517,4,3,3,1,6,3,,,,,,,wb3,"2023-11-23 21:37:07"
518,6,0,0,0,0,0,,,,,,,wb3,"2023-11-23 21:37:10"
519,3,3,6,4,5,6,,,,,,,wb3,"2023-11-23 21:37:16"
520,4,4,5,5,4,6,,,,,,,wb3,"2023-11-23 21:37:18"
521,2,2,4,3,4,6,,,,,,,wb3,"2023-11-23 21:37:19"
522,3,2,4,3,5,6,,,,,,,wb3,"2023-11-23 21:37:20"
523,1,1,3,1,2,5,,,,,,,wb3,"2023-11-23 21:37:24"
524,5,3,3,4,6,6,,,,,,,wb3,"2023-11-23 21:37:27"
525,4,1,3,2,1,6,,,,,,,wb3,"2023-11-23 21:37:30"
526,6,6,4,5,5,6,,,,,,,wb3,"2023-11-23 21:37:30"
527,4,2,4,2,6,4,,,,,,,wb3,"2023-11-23 21:37:31"
528,5,5,2,5,3,3,,,,,,,wb3,"2023-11-23 21:37:32"
529,6,4,3,5,5,5,,,,,,,wb3,"2023-11-23 21:37:33"
530,3,6,6,4,4,5,,,,,,,wb3,"2023-11-23 21:37:36"
531,5,4,1,1,6,1,,,,,,,wb3,"2023-11-23 21:37:39"
532,6,5,5,6,6,4,,,,,,,wb3,"2023-11-23 21:37:45"
533,1,1,1,2,3,2,,,,,,,wb3,"2023-11-23 21:37:46"
534,6,3,2,1,1,1,,,,,,,wb3,"2023-11-23 21:37:47"
535,5,4,5,4,5,6,,,,,,,wb3,"2023-11-23 21:37:48"
536,6,6,6,6,5,6,,,,,,,wb3,"2023-11-23 21:37:53"
537,6,3,4,5,5,6,,,,,,,wb3,"2023-11-23 21:37:53"
538,1,5,2,4,3,5,,,,,,,wb3,"2023-11-23 21:37:54"
539,1,1,1,1,6,1,,,,,,,wb3,"2023-11-23 21:37:59"
540,4,2,6,4,3,6,,,,,,,wb3,"2023-11-23 21:37:59"
541,6,3,3,5,6,4,,,,,,,wb3,"2023-11-23 21:38:05"
542,4,2,4,5,6,6,,,,,,,wb3,"2023-11-23 21:38:06"
543,5,4,3,6,6,4,,,,,,,wb3,"2023-11-23 21:38:09"
544,5,4,3,3,5,6,,,,,,,wb3,"2023-11-23 21:38:17"
545,4,1,3,1,3,6,,,,,,,wb3,"2023-11-23 21:38:22"
546,6,5,2,4,4,5,,,,,,,wb3,"2023-11-23 21:38:26"
547,6,4,3,4,5,4,,,,,,,wb3,"2023-11-23 21:38:27"
548,5,3,2,4,6,3,,,,,,,wb3,"2023-11-23 21:38:41"
549,5,3,3,3,6,3,,,,,,,wb3,"2023-11-23 21:38:44"
550,6,3,3,4,3,6,,,,,,,wb3,"2023-11-23 21:38:49"
551,3,2,3,1,5,6,,,,,,,wb3,"2023-11-23 21:38:54"
552,2,1,1,5,6,6,,,,,,,wb3,"2023-11-23 21:38:57"
553,4,6,2,3,3,2,,,,,,,wb3,"2023-11-23 21:39:16"
554,6,5,6,6,6,5,,,,,,,wb3,"2023-11-23 21:39:19"
555,2,6,4,6,5,6,,,,,,,wb3,"2023-11-23 21:39:20"
556,5,2,5,5,0,4,,,,,,,wb3,"2023-11-23 21:39:26"
557,5,2,3,4,5,6,,,,,,,wb3,"2023-11-23 21:39:34"
558,1,1,1,1,6,1,,,,,,,wb3,"2023-11-23 21:39:37"
559,6,0,0,0,2,2,,,,,,,wb3,"2023-11-23 21:39:40"
560,1,5,0,0,0,0,,,,,,,wb3,"2023-11-23 21:39:51"
561,6,6,1,3,6,6,,,,,,,wb3,"2023-11-23 21:39:54"
562,2,2,6,4,4,5,,,,,,,wb3,"2023-11-23 21:39:55"
563,6,0,0,5,6,0,,,,,,,wb3,"2023-11-23 21:40:03"
564,5,5,4,0,5,3,,,,,,,wb3,"2023-11-23 21:40:14"
565,6,4,4,4,3,5,,,,,,,wb3,"2023-11-23 21:40:23"
566,6,4,3,3,4,5,,,,,,,wb3,"2023-11-23 21:40:45"
567,6,0,0,4,0,1,,,,,,,wb3,"2023-11-23 21:41:05"
568,6,4,3,1,6,5,,,,,,,wb3,"2023-11-23 21:41:08"
569,5,4,6,5,5,6,,,,,,,wb3,"2023-11-23 21:41:15"
570,1,2,3,6,4,5,,,,,,,wb3,"2023-11-23 21:41:20"
571,5,2,4,4,1,5,,,,,,,wb3,"2023-11-23 21:42:08"
572,1,1,1,1,6,1,,,,,,,wb3,"2023-11-23 21:42:22"
573,6,3,6,2,6,6,,,,,,,wb3,"2023-11-23 21:42:42"
574,6,2,6,3,6,6,,,,,,,wb3,"2023-11-23 21:42:42"
575,0,5,4,5,6,4,,,,,,,wb3,"2023-11-23 21:43:12"
576,4,3,2,4,6,3,,,,,,,wb3,"2023-11-23 21:44:28"
577,3,5,3,1,6,4,,,,,,,wb3,"2023-11-23 21:48:12"
578,5,2,0,5,6,2,,,,,,,wb3,"2023-11-23 21:48:20"
579,1,4,4,2,6,5,,,,,,,wb3,"2023-11-23 21:49:41"
580,1,5,5,4,6,1,,,,,,,wb3,"2023-11-23 21:59:37"
581,5,5,5,5,4,3,,,,,,,wb1,"2023-11-23 22:03:05"
582,6,1,1,2,1,2,,,,,,,wb3,"2023-11-23 22:03:44"
583,6,1,1,2,1,1,,,,,,,wb3,"2023-11-23 22:04:36"
584,6,2,1,3,1,2,,,,,,,wb3,"2023-11-23 22:05:12"
585,6,4,1,5,1,1,,,,,,,wb3,"2023-11-23 22:05:33"
586,6,4,6,4,4,6,,,,,,,wb1,"2023-11-23 22:07:54"
587,6,4,1,4,4,4,,,,,,,wb3,"2023-11-23 22:10:47"
588,1,1,1,6,6,1,,,,,,,wb3,"2023-11-23 22:14:11"
589,6,4,2,3,3,5,,,,,,,wb3,"2023-11-23 22:16:51"
590,6,3,3,5,6,4,,,,,,,wb3,"2023-11-23 22:18:31"
591,6,3,4,5,6,4,,,,,,,wb3,"2023-11-23 22:22:56"
592,6,2,3,5,4,4,,,,,,,wb3,"2023-11-23 22:23:58"
593,6,4,2,3,3,5,,,,,,,wb3,"2023-11-23 22:48:12"
594,6,4,2,3,3,5,,,,,,,wb3,"2023-11-23 22:48:43"
595,3,5,3,3,4,6,,,,,,,wb3,"2023-11-23 23:00:30"
596,3,5,3,3,4,6,,,,,,,wb3,"2023-11-23 23:01:20"
597,4,5,3,3,5,6,,,,,,,wb3,"2023-11-23 23:12:24"
598,5,5,1,3,6,6,,,,,,,wb4,"2023-11-23 23:25:29"
599,2,3,4,3,5,6,,,,,,,wb4,"2023-11-23 23:25:30"
600,5,5,3,4,6,6,,,,,,,wb4,"2023-11-23 23:25:36"
601,6,4,3,3,6,5,,,,,,,wb4,"2023-11-23 23:25:38"
602,3,6,5,3,5,6,,,,,,,wb4,"2023-11-23 23:25:39"
603,4,0,2,5,6,0,,,,,,,wb4,"2023-11-23 23:25:50"
604,6,3,1,2,4,1,,,,,,,wb4,"2023-11-23 23:25:50"
605,3,6,1,4,6,6,,,,,,,wb4,"2023-11-23 23:25:54"
606,6,5,2,6,6,4,,,,,,,wb4,"2023-11-23 23:25:59"
607,6,6,5,5,6,5,,,,,,,wb4,"2023-11-23 23:26:00"
608,5,4,3,4,3,5,,,,,,,wb4,"2023-11-23 23:26:01"
609,3,6,3,4,6,5,,,,,,,wb4,"2023-11-23 23:26:05"
610,4,6,4,5,6,3,,,,,,,wb4,"2023-11-23 23:26:07"
611,2,6,2,6,6,5,,,,,,,wb4,"2023-11-23 23:26:15"
612,3,4,1,4,5,3,,,,,,,wb4,"2023-11-23 23:26:32"
613,5,6,4,4,6,4,,,,,,,wb4,"2023-11-23 23:26:33"
614,6,5,4,2,5,3,,,,,,,wb4,"2023-11-23 23:27:54"
615,2,4,2,2,3,5,,,,,,,wb4,"2023-11-23 23:32:15"
616,3,4,6,1,2,6,,,,,,,wb1,"2023-11-23 23:46:21"
617,2,6,2,6,6,6,,,,,,,wb4,"2023-11-23 23:46:37"
618,5,5,4,3,5,6,,,,,,,wb1,"2023-11-23 23:47:13"
619,3,3,4,3,6,6,,,,,,,wb3,"2023-11-23 23:47:46"
620,4,5,4,6,6,6,,,,,,,wb2,"2023-11-23 23:48:48"
621,5,4,6,5,1,6,,,,,,,wb2,"2023-11-23 23:54:56"
622,3,0,6,5,3,5,,,,,,,wb2,"2023-11-23 23:55:45"
623,6,5,5,3,2,2,,,,,,,wb2,"2023-11-24 00:14:01"
625,4,6,4,4,4,5,,,,,,,wb2,"2023-11-24 00:44:41"
635,6,5,5,6,6,4,,,,,,,wb3,"2023-11-24 06:42:16"
636,1,1,1,6,6,1,,,,,,,wb3,"2023-11-24 06:58:15"
637,3,3,6,4,5,6,,,,,,,wb3,"2023-11-24 07:15:40"
638,5,4,3,4,3,5,,,,,,,wb4,"2023-11-24 07:43:04"
639,5,5,6,4,3,4,,,,,,,wb2,"2023-11-24 07:46:12"
640,4,2,4,2,3,6,,,,,,,wb1,"2023-11-24 08:09:09"
641,4,5,3,3,5,6,,,,,,,wb3,"2023-11-24 08:14:20"
642,6,6,6,4,6,5,,,,,,,wb3,"2023-11-24 08:20:22"
643,4,5,6,5,4,5,6,,,,,,wbt,"2023-11-24 09:07:43"
644,5,5,6,6,4,6,,,,,,,wb2,"2023-11-24 09:41:16"
645,4,5,6,5,4,5,6,,,,,,wbt,"2023-11-24 10:36:05"
646,5,1,3,2,2,6,,,,,,,wb3,"2023-11-24 10:39:54"
648,4,5,6,5,4,5,6,,,,,,wbt,"2023-11-24 11:09:11"
652,0,0,0,0,6,0,,,,,,,wb4,"2023-11-25 11:42:46"
653,0,0,0,0,6,0,,,,,,,wb4,"2023-11-25 11:42:53"
654,5,5,6,6,4,6,,,,,,,wb2,"2023-11-24 11:25:24"
655,0,0,0,0,6,0,,,,,,,wb4,"2023-11-25 11:39:39"
656,0,0,0,0,6,0,,,,,,,wb4,"2023-11-25 11:39:48"
657,0,0,0,0,6,0,,,,,,,wb4,"2023-11-25 11:39:55"
658,5,0,0,0,6,0,,,,,,,wb4,"2023-11-25 11:40:06"
659,0,0,0,0,6,0,,,,,,,wb4,"2023-11-25 11:40:13"
660,3,3,3,3,6,5,,,,,,,wb4,"2023-11-24 11:26:57"
661,1,2,1,2,6,2,,,,,,,wb4,"2023-11-24 11:27:10"
662,3,3,3,3,6,3,,,,,,,wb4,"2023-11-24 11:27:21"
663,3,4,2,5,6,2,,,,,,,wb4,"2023-11-24 11:27:36"
664,0,0,0,0,6,0,,,,,,,wb4,"2023-11-25 11:41:07"
665,0,0,0,0,6,0,,,,,,,wb4,"2023-11-25 11:43:16"
666,3,3,3,3,6,3,,,,,,,wb4,"2023-11-24 11:28:48"
667,6,4,2,3,6,1,,,,,,,wb4,"2023-11-24 11:28:53"
668,0,0,0,0,6,0,,,,,,,wb4,"2023-11-25 11:43:24"
669,3,3,3,3,6,3,,,,,,,wb4,"2023-11-24 11:29:44"
670,1,1,1,1,6,3,,,,,,,wb4,"2023-11-24 11:29:49"
671,0,0,6,1,6,5,,,,,,,wb4,"2023-11-24 11:30:02"
672,0,0,0,0,6,0,,,,,,,wb4,"2023-11-25 11:41:15"
673,3,1,1,1,2,1,,,,,,,wb4,"2023-11-24 11:30:13"
674,4,4,4,4,6,3,,,,,,,wb4,"2023-11-24 11:31:25"
675,0,0,0,0,6,3,,,,,,,wb4,"2023-11-25 11:41:49"
676,1,0,0,0,6,0,,,,,,,wb4,"2023-11-25 11:41:33"
677,4,5,6,6,6,6,,,,,,,wb2,"2023-11-24 11:35:13"
678,0,0,0,6,6,0,,,,,,,wb4,"2023-11-24 11:36:02"
679,0,0,0,0,6,0,,,,,,,wb4,"2023-11-25 11:41:00"
680,0,0,0,0,6,0,,,,,,,wb4,"2023-11-25 11:41:58"
681,0,0,0,0,6,0,,,,,,,wb4,"2023-11-25 11:42:04"
682,2,2,2,2,6,3,,,,,,,wb4,"2023-11-24 11:37:56"
683,0,0,0,0,6,0,,,,,,,wb4,"2023-11-25 11:41:41"
684,0,0,0,0,6,0,,,,,,,wb4,"2023-11-25 11:43:33"
685,4,4,5,6,6,4,,,,,,,wb4,"2023-11-24 11:39:38"
686,6,0,0,0,6,2,,,,,,,wb4,"2023-11-24 17:55:52"
687,0,0,0,0,6,0,,,,,,,wb4,"2023-11-25 11:42:12"
688,0,0,0,0,6,0,,,,,,,wb4,"2023-11-25 11:41:23"
689,0,0,0,0,6,0,,,,,,,wb4,"2023-11-24 11:45:31"
690,3,5,4,3,6,4,,,,,,,wb4,"2023-11-24 11:46:16"
691,1,1,1,1,6,1,,,,,,,wb4,"2023-11-24 11:46:57"
692,6,2,6,3,6,6,,,,,,,wb3,"2023-11-24 11:47:05"
693,0,0,0,0,6,0,,,,,,,wb4,"2023-11-24 11:47:16"
694,0,0,0,0,6,0,,,,,,,wb4,"2023-11-24 11:48:33"
695,0,0,0,0,6,0,,,,,,,wb4,"2023-11-24 11:50:18"
696,0,0,0,0,6,0,,,,,,,wb4,"2023-11-25 11:43:47"
697,4,5,6,5,4,5,6,,,,,,wbt,"2023-11-24 11:53:04"
698,6,0,0,0,6,0,,,,,,,wb4,"2023-11-24 11:53:22"
699,0,0,0,0,6,0,,,,,,,wb4,"2023-11-25 11:42:22"
700,3,3,4,6,6,4,,,,,,,wb4,"2023-11-24 11:54:13"
701,0,0,0,0,6,0,,,,,,,wb4,"2023-11-25 11:43:06"
702,6,4,4,3,6,4,,,,,,,wb4,"2023-11-24 11:55:49"
703,0,0,0,0,6,0,,,,,,,wb4,"2023-11-24 11:56:12"
704,0,0,0,0,6,0,,,,,,,wb4,"2023-11-24 11:57:22"
705,6,0,0,0,6,0,,,,,,,wb4,"2023-11-24 11:59:23"
706,0,0,0,0,6,5,,,,,,,wb4,"2023-11-24 11:59:33"
707,6,0,0,0,6,5,,,,,,,wb4,"2023-11-24 12:01:20"
708,0,0,0,0,6,0,,,,,,,wb4,"2023-11-24 12:02:55"
709,1,1,5,1,5,1,,,,,,,wb4,"2023-11-24 12:03:09"
710,0,0,0,0,6,0,,,,,,,wb4,"2023-11-24 12:04:55"
711,1,1,2,2,6,5,,,,,,,wb4,"2023-11-24 12:05:07"
712,0,0,0,6,6,0,,,,,,,wb4,"2023-11-24 12:10:10"
713,0,0,0,0,6,0,,,,,,,wb4,"2023-11-24 12:10:21"
714,3,6,6,4,5,6,,,,,,,wb2,"2023-11-24 12:14:05"
715,0,0,0,0,6,0,,,,,,,wb4,"2023-11-24 12:19:39"
722,5,4,6,5,1,6,,,,,,,wb2,"2023-11-24 12:32:44"
723,5,5,4,3,5,6,,,,,,,wb1,"2023-11-24 12:33:11"
734,2,6,3,2,3,2,,,,,,,wb3,"2023-11-24 12:58:10"
743,2,6,3,2,3,2,,,,,,,wb3,"2023-11-24 13:05:57"
754,1,5,5,4,6,1,,,,,,,wb3,"2023-11-24 13:54:14"
755,3,3,4,6,3,3,,,,,,,wb2,"2023-11-24 14:08:02"
767,4,3,2,2,6,3,,,,,,,wb3,"2023-11-24 15:00:03"
768,4,3,2,2,6,3,,,,,,,wb3,"2023-11-24 15:00:43"
778,3,2,6,6,5,4,4,1,3,3,3,3,wbp,"2023-11-24 16:56:39"
779,4,3,6,3,3,4,3,3,5,3,5,6,wbp,"2023-11-24 16:56:56"
780,6,6,6,6,6,6,6,6,6,6,6,6,wbp,"2023-11-24 16:57:00"
781,3,4,6,5,5,5,3,3,4,3,4,4,wbp,"2023-11-24 16:57:12"
782,4,2,6,6,5,5,2,2,6,3,4,5,wbp,"2023-11-24 16:57:15"
783,0,0,0,0,0,0,0,0,0,0,6,0,wbp,"2023-11-24 16:57:37"
784,0,5,0,1,0,0,0,0,6,1,0,0,wbp,"2023-11-24 16:57:54"
785,0,0,0,5,0,6,0,0,0,0,0,0,wbp,"2023-11-24 16:58:04"
786,0,0,6,0,0,0,0,0,0,0,0,0,wbp,"2023-11-24 16:58:05"
787,6,0,0,0,0,0,0,0,0,0,6,0,wbp,"2023-11-24 16:58:11"
788,4,1,5,6,3,3,2,1,4,1,5,3,wbp,"2023-11-24 16:58:15"
789,0,0,0,0,6,0,0,0,0,0,0,0,wbp,"2023-11-24 16:58:16"
790,0,0,6,0,0,0,0,0,0,0,0,0,wbp,"2023-11-24 16:58:26"
791,0,0,0,0,0,0,6,6,6,0,0,0,wbp,"2023-11-24 16:58:31"
792,6,6,6,6,6,5,6,6,6,6,6,6,wbp,"2023-11-24 16:58:35"
793,0,0,0,0,0,6,0,0,0,0,0,0,wbp,"2023-11-24 16:58:36"
794,2,3,5,5,5,2,2,3,5,3,3,2,wbp,"2023-11-24 16:58:37"
795,2,1,6,5,5,3,2,2,6,1,2,4,wbp,"2023-11-24 16:58:37"
796,0,0,6,0,0,0,0,0,0,0,0,0,wbp,"2023-11-24 16:58:38"
797,5,6,0,0,0,0,0,0,0,6,6,0,wbp,"2023-11-24 16:58:39"
798,5,4,5,6,5,4,5,6,6,3,4,3,wbp,"2023-11-24 16:58:40"
799,6,0,6,4,4,0,0,0,0,0,6,4,wbp,"2023-11-24 16:58:42"
800,0,6,6,0,0,0,0,0,0,0,0,0,wbp,"2023-11-24 16:58:43"
801,4,1,6,2,3,4,5,3,4,2,4,4,wbp,"2023-11-24 16:58:44"
802,1,0,0,0,0,0,0,0,0,0,0,6,wbp,"2023-11-24 16:58:49"
803,3,3,6,6,1,2,1,1,1,6,6,1,wbp,"2023-11-24 16:58:50"
804,0,0,6,0,0,0,0,0,0,0,0,0,wbp,"2023-11-24 16:58:52"
805,0,0,0,0,5,0,6,0,0,6,0,0,wbp,"2023-11-24 16:58:55"
806,5,3,6,5,4,3,4,3,6,4,6,6,wbp,"2023-11-24 16:58:55"
807,0,0,0,0,0,0,0,0,6,0,0,0,wbp,"2023-11-24 16:59:01"
808,3,1,5,4,5,3,6,3,3,2,5,6,wbp,"2023-11-24 16:59:02"
809,0,0,6,0,0,0,0,0,0,0,0,0,wbp,"2023-11-24 16:59:06"
810,5,3,5,6,6,6,3,3,3,1,1,5,wbp,"2023-11-24 16:59:10"
811,0,0,0,0,0,0,0,0,0,0,5,6,wbp,"2023-11-24 16:59:15"
812,2,5,4,5,3,5,1,1,3,1,1,2,wbp,"2023-11-24 16:59:17"
813,0,0,0,0,6,0,0,0,0,0,0,0,wbp,"2023-11-24 16:59:19"
814,0,0,6,0,3,0,0,0,0,0,0,0,wbp,"2023-11-24 16:59:22"
815,6,0,6,0,0,0,0,0,0,0,0,4,wbp,"2023-11-24 16:59:24"
816,0,0,6,0,0,0,0,0,0,0,0,0,wbp,"2023-11-24 16:59:24"
817,0,0,6,0,0,0,0,0,0,0,0,0,wbp,"2023-11-24 16:59:26"
818,6,6,0,0,6,0,0,0,0,0,1,0,wbp,"2023-11-24 16:59:28"
819,0,0,6,0,0,0,0,0,0,0,0,0,wbp,"2023-11-24 16:59:29"
820,4,3,5,4,5,4,3,4,5,4,6,4,wbp,"2023-11-24 16:59:33"
821,0,0,0,0,0,0,0,0,0,0,6,0,wbp,"2023-11-24 16:59:34"
822,5,5,6,3,4,4,6,4,6,5,6,4,wbp,"2023-11-24 16:59:38"
823,5,2,5,5,6,3,2,3,6,6,6,4,wbp,"2023-11-24 16:59:43"
824,0,0,6,0,0,0,0,0,0,0,0,6,wbp,"2023-11-24 16:59:45"
825,6,0,6,5,0,0,0,0,5,0,5,5,wbp,"2023-11-24 16:59:48"
826,0,0,5,0,0,0,0,0,0,0,0,0,wbp,"2023-11-24 16:59:48"
827,0,0,0,0,0,0,0,0,0,0,0,6,wbp,"2023-11-24 16:59:50"
828,0,0,0,0,0,0,0,0,0,0,6,0,wbp,"2023-11-24 16:59:52"
829,0,0,0,0,0,0,0,0,0,0,6,0,wbp,"2023-11-24 17:00:00"
830,0,0,0,0,0,0,0,0,0,0,6,0,wbp,"2023-11-24 17:00:04"
831,3,3,6,4,3,5,4,2,2,2,5,6,wbp,"2023-11-24 17:00:05"
832,0,0,6,0,0,0,0,0,0,0,0,0,wbp,"2023-11-24 17:00:10"
833,0,0,6,0,0,0,0,0,0,0,0,5,wbp,"2023-11-24 17:00:27"
834,3,2,6,5,4,3,5,1,5,2,5,5,wbp,"2023-11-24 17:00:37"
835,0,6,1,0,0,0,0,0,0,0,0,0,wbp,"2023-11-24 17:00:40"
836,6,4,6,6,4,6,3,6,1,3,3,6,wbp,"2023-11-24 17:00:50"
837,0,0,0,0,0,0,0,0,0,0,6,0,wbp,"2023-11-24 17:00:59"
838,4,0,0,0,0,0,0,0,5,0,0,0,wbp,"2023-11-24 17:01:10"
839,0,0,0,0,0,0,0,0,0,0,6,0,wbp,"2023-11-24 17:01:12"
840,6,0,6,6,6,5,0,0,0,0,6,0,wbp,"2023-11-24 17:01:15"
841,0,0,4,0,0,6,0,0,0,0,0,0,wbp,"2023-11-24 17:01:16"
842,0,0,0,0,0,6,0,0,0,0,0,0,wbp,"2023-11-24 17:01:22"
843,0,0,6,5,5,0,6,0,0,0,5,4,wbp,"2023-11-24 17:01:27"
844,0,0,0,0,0,0,0,0,0,0,0,6,wbp,"2023-11-24 17:01:35"
845,5,0,0,0,0,0,0,0,0,0,0,0,wbp,"2023-11-24 17:01:42"
846,4,4,6,1,5,5,3,6,2,0,1,6,wbp,"2023-11-24 17:01:47"
847,0,0,0,6,0,0,0,0,0,0,0,0,wbp,"2023-11-24 17:01:53"
848,0,0,0,0,0,0,0,0,0,0,0,6,wbp,"2023-11-24 17:01:59"
849,0,0,0,6,0,0,0,0,0,0,0,0,wbp,"2023-11-24 17:02:04"
850,5,1,6,4,5,2,5,0,1,3,6,0,wbp,"2023-11-24 17:02:05"
851,0,0,6,0,0,0,0,0,0,0,0,0,wbp,"2023-11-24 17:02:08"
852,3,1,5,4,5,3,6,3,3,2,5,6,wbp,"2023-11-24 17:02:11"
853,4,4,4,6,5,4,0,3,3,0,0,3,wbp,"2023-11-24 17:02:15"
854,0,0,0,0,0,0,0,0,0,0,6,0,wbp,"2023-11-24 17:02:18"
855,5,0,6,0,0,0,0,0,0,0,0,0,wbp,"2023-11-24 17:02:19"
856,5,1,6,4,5,2,5,0,1,3,6,0,wbp,"2023-11-24 17:02:20"
857,0,0,0,0,4,0,5,0,6,0,0,0,wbp,"2023-11-24 17:02:24"
858,5,0,6,0,0,0,0,0,0,0,0,0,wbp,"2023-11-24 17:02:27"
859,0,0,6,0,0,0,0,0,0,0,0,5,wbp,"2023-11-24 17:02:30"
860,5,0,6,0,0,0,0,0,0,0,0,0,wbp,"2023-11-24 17:02:34"
861,0,0,6,0,0,0,0,0,0,0,0,0,wbp,"2023-11-24 17:02:38"
862,5,0,6,0,0,0,0,0,0,0,0,0,wbp,"2023-11-24 17:02:40"
863,0,0,0,0,0,0,0,0,0,0,6,0,wbp,"2023-11-24 17:02:44"
864,0,0,0,0,0,0,0,0,6,0,0,0,wbp,"2023-11-24 17:02:51"
865,6,0,0,0,0,0,0,0,0,0,0,0,wbp,"2023-11-24 17:02:56"
866,5,0,6,0,0,0,0,0,0,0,0,0,wbp,"2023-11-24 17:03:05"
867,0,0,6,0,0,0,0,0,0,0,0,0,wbp,"2023-11-24 17:04:22"
869,0,0,0,0,0,0,0,0,0,0,6,0,wbp,"2023-11-24 17:05:17"
870,6,0,6,0,0,0,0,0,0,0,0,0,wbp,"2023-11-24 17:05:28"
874,4,3,5,4,5,4,3,4,5,4,6,4,wbp,"2023-11-24 17:55:44"
875,1,5,5,4,6,1,,,,,,,wb3,"2023-11-24 18:12:43"
878,6,0,0,0,0,0,,,,,,,wb3,"2023-11-24 18:32:07"
879,0,0,0,0,0,5,,,,,,,wb3,"2023-11-24 19:12:15"
880,4,3,4,2,4,6,,,,,,,wb3,"2023-11-24 19:14:03"
881,1,2,3,2,4,6,,,,,,,wb3,"2023-11-24 19:15:05"
882,1,1,1,1,6,6,,,,,,,wb3,"2023-11-24 19:15:15"
883,2,6,3,2,3,2,,,,,,,wb3,"2023-11-24 19:17:41"
887,3,5,6,6,,,,,,,,,wb5,"2023-11-24 19:27:40"
888,4,5,4,5,,,,,,,,,wb5,"2023-11-24 19:27:43"
889,5,6,6,6,,,,,,,,,wb5,"2023-11-24 19:27:46"
890,4,3,5,4,,,,,,,,,wb5,"2023-11-24 19:27:47"
891,4,4,5,3,,,,,,,,,wb5,"2023-11-24 19:27:47"
892,4,2,4,1,,,,,,,,,wb5,"2023-11-24 19:27:50"
893,4,6,4,4,,,,,,,,,wb5,"2023-11-24 19:27:56"
894,6,5,5,5,,,,,,,,,wb5,"2023-11-24 19:28:01"
895,2,6,4,6,,,,,,,,,wb5,"2023-11-24 19:28:03"
896,6,5,6,4,,,,,,,,,wb5,"2023-11-24 19:28:04"
897,5,1,6,2,,,,,,,,,wb5,"2023-11-24 19:28:10"
898,4,2,6,3,,,,,,,,,wb5,"2023-11-24 19:28:26"
899,4,3,2,5,,,,,,,,,wb5,"2023-11-24 19:28:27"
900,6,3,5,4,,,,,,,,,wb5,"2023-11-24 19:28:28"
901,6,4,4,4,,,,,,,,,wb5,"2023-11-24 19:28:33"
902,5,5,2,2,,,,,,,,,wb5,"2023-11-24 19:28:34"
903,5,6,6,5,,,,,,,,,wb5,"2023-11-24 19:28:34"
904,6,6,4,5,,,,,,,,,wb5,"2023-11-24 19:28:36"
905,3,5,2,5,,,,,,,,,wb5,"2023-11-24 19:28:37"
906,6,4,6,4,,,,,,,,,wb5,"2023-11-24 19:28:39"
907,4,4,5,6,,,,,,,,,wb5,"2023-11-24 19:28:47"
908,6,3,6,3,,,,,,,,,wb5,"2023-11-24 19:28:47"
909,4,3,2,3,,,,,,,,,wb5,"2023-11-24 19:28:47"
910,4,2,4,6,,,,,,,,,wb5,"2023-11-24 19:28:49"
911,5,2,5,2,,,,,,,,,wb5,"2023-11-24 19:28:53"
912,3,1,5,6,,,,,,,,,wb5,"2023-11-24 19:28:55"
913,6,4,5,6,,,,,,,,,wb5,"2023-11-24 19:28:57"
914,5,2,5,6,,,,,,,,,wb5,"2023-11-24 19:28:59"
915,5,4,5,5,,,,,,,,,wb5,"2023-11-24 19:29:03"
916,4,5,4,2,,,,,,,,,wb5,"2023-11-24 19:29:18"
917,4,3,4,6,,,,,,,,,wb5,"2023-11-24 19:29:24"
918,5,4,3,6,,,,,,,,,wb5,"2023-11-24 19:29:25"
919,5,2,2,5,,,,,,,,,wb5,"2023-11-24 19:29:31"
920,6,0,6,0,,,,,,,,,wb5,"2023-11-24 19:29:44"
921,2,4,4,6,,,,,,,,,wb5,"2023-11-24 19:30:04"
923,4,3,5,2,,,,,,,,,wb5,"2023-11-24 19:30:51"
924,3,5,4,3,,,,,,,,,wb5,"2023-11-24 19:30:56"
925,3,3,4,4,,,,,,,,,wb5,"2023-11-24 19:31:58"
929,2,3,6,1,6,1,,,,,,,wb3,"2023-11-24 19:49:55"
930,6,1,1,0,3,1,,,,,,,wb3,"2023-11-24 19:53:13"
931,6,6,6,6,6,6,,,,,,,wb3,"2023-11-24 19:55:03"
932,5,3,3,2,6,2,,,,,,,wb3,"2023-11-24 19:55:56"
933,6,3,4,2,4,5,,,,,,,wb3,"2023-11-24 19:56:32"
934,6,6,6,6,6,6,,,,,,,wb3,"2023-11-24 19:57:25"
937,6,1,1,0,6,1,,,,,,,wb3,"2023-11-24 19:58:53"
938,6,5,5,6,6,5,,,,,,,wb3,"2023-11-24 19:59:05"
939,3,6,3,2,3,1,,,,,,,wb3,"2023-11-24 20:00:24"
942,1,1,1,1,6,1,,,,,,,wb3,"2023-11-24 20:03:20"
943,4,3,2,1,6,2,,,,,,,wb3,"2023-11-24 20:04:13"
944,4,3,3,1,6,1,,,,,,,wb3,"2023-11-24 20:04:16"
948,1,1,1,1,6,1,,,,,,,wb3,"2023-11-24 20:07:04"
950,3,5,5,4,,,,,,,,,wb5,"2023-11-24 20:17:16"
951,5,3,3,2,6,2,,,,,,,wb3,"2023-11-24 20:23:36"
952,6,5,5,6,6,4,,,,,,,wb3,"2023-11-24 20:23:37"
953,0,0,0,0,6,0,,,,,,,wb4,"2023-11-24 20:46:14"
954,0,0,0,0,6,0,,,,,,,wb4,"2023-11-24 20:48:16"
955,0,0,0,0,6,0,,,,,,,wb4,"2023-11-24 20:50:39"
956,0,0,0,0,5,0,,,,,,,wb4,"2023-11-24 21:10:34"
957,3,3,2,2,6,3,,,,,,,wb4,"2023-11-24 21:18:18"
958,6,4,2,3,6,6,,,,,,,wb4,"2023-11-24 21:19:03"
959,5,5,6,3,4,4,,,,,,,wb4,"2023-11-24 21:19:09"
960,6,5,5,6,6,5,,,,,,,wb3,"2023-11-24 21:20:48"
961,4,3,5,4,,,,,,,,,wb5,"2023-11-24 21:21:07"
962,5,3,6,3,6,6,,,,,,,wb3,"2023-11-24 21:21:30"
963,1,6,5,6,2,4,,,,,,,wb6,"2023-11-24 21:21:34"
964,3,4,5,5,4,3,,,,,,,wb6,"2023-11-24 21:21:39"
965,1,6,1,4,5,5,,,,,,,wb6,"2023-11-24 21:21:42"
966,4,5,2,5,5,2,,,,,,,wb6,"2023-11-24 21:21:42"
967,3,5,2,6,4,3,,,,,,,wb6,"2023-11-24 21:21:43"
968,3,5,2,2,6,4,,,,,,,wb6,"2023-11-24 21:21:47"
969,5,5,3,4,6,5,,,,,,,wb6,"2023-11-24 21:21:52"
970,1,4,5,3,5,1,,,,,,,wb6,"2023-11-24 21:21:54"
971,2,4,5,4,5,6,,,,,,,wb6,"2023-11-24 21:21:55"
972,5,6,6,5,5,5,,,,,,,wb6,"2023-11-24 21:22:00"
973,5,4,2,5,6,5,,,,,,,wb6,"2023-11-24 21:22:01"
974,5,5,3,3,4,3,,,,,,,wb6,"2023-11-24 21:22:06"
975,2,4,1,4,3,5,,,,,,,wb6,"2023-11-24 21:22:08"
976,5,3,6,6,5,6,,,,,,,wb6,"2023-11-24 21:22:11"
977,4,5,6,4,3,1,,,,,,,wb6,"2023-11-24 21:22:12"
978,3,6,2,5,4,1,,,,,,,wb6,"2023-11-24 21:22:14"
979,4,6,6,2,5,5,,,,,,,wb6,"2023-11-24 21:22:15"
980,1,6,3,5,2,3,,,,,,,wb6,"2023-11-24 21:22:19"
981,5,6,3,4,4,5,,,,,,,wb6,"2023-11-24 21:22:20"
982,3,6,6,5,3,4,,,,,,,wb6,"2023-11-24 21:22:21"
983,3,6,4,4,5,5,,,,,,,wb6,"2023-11-24 21:22:26"
984,4,5,4,5,3,5,,,,,,,wb6,"2023-11-24 21:22:28"
985,3,5,4,5,5,5,,,,,,,wb6,"2023-11-24 21:22:32"
986,3,5,5,3,6,5,,,,,,,wb6,"2023-11-24 21:22:37"
987,2,3,3,6,6,4,,,,,,,wb6,"2023-11-24 21:22:40"
988,1,4,3,6,2,2,,,,,,,wb6,"2023-11-24 21:22:40"
989,2,4,1,4,5,6,,,,,,,wb4,"2023-11-24 21:22:42"
990,4,6,6,2,5,5,,,,,,,wb6,"2023-11-24 21:22:46"
991,2,4,2,4,5,4,,,,,,,wb6,"2023-11-24 21:22:46"
992,5,6,5,3,2,3,,,,,,,wb6,"2023-11-24 21:22:50"
993,1,2,2,0,0,2,,,,,,,wb6,"2023-11-24 21:22:55"
994,2,4,4,4,5,5,,,,,,,wb6,"2023-11-24 21:23:00"
995,6,6,4,5,5,4,,,,,,,wb6,"2023-11-24 21:23:02"
996,2,5,6,5,3,6,,,,,,,wb6,"2023-11-24 21:23:02"
997,2,3,5,5,5,5,,,,,,,wb6,"2023-11-24 21:23:03"
998,4,6,6,3,5,6,,,,,,,wb6,"2023-11-24 21:23:05"
999,4,4,6,6,4,6,,,,,,,wb6,"2023-11-24 21:23:06"
1000,3,6,6,6,4,4,,,,,,,wb6,"2023-11-24 21:23:08"
1001,2,1,4,6,3,1,,,,,,,wb6,"2023-11-24 21:23:15"
1002,3,5,4,3,3,3,,,,,,,wb6,"2023-11-24 21:23:18"
1003,2,1,4,6,3,1,,,,,,,wb6,"2023-11-24 21:23:20"
1004,4,5,3,6,4,4,,,,,,,wb6,"2023-11-24 21:23:20"
1005,6,5,6,1,2,3,,,,,,,wb6,"2023-11-24 21:23:22"
1006,4,5,4,4,6,2,,,,,,,wb6,"2023-11-24 21:23:26"
1007,4,5,6,3,2,6,,,,,,,wb6,"2023-11-24 21:23:31"
1008,2,4,6,3,2,4,,,,,,,wb6,"2023-11-24 21:23:49"
1009,2,4,4,4,4,4,,,,,,,wb6,"2023-11-24 21:23:56"
1010,5,6,5,3,2,3,,,,,,,wb6,"2023-11-24 21:24:32"
1011,6,4,4,3,5,6,,,,,,,wb4,"2023-11-24 21:24:51"
1012,3,4,5,1,6,2,,,,,,,wb6,"2023-11-24 21:25:16"
1013,4,5,3,5,6,5,,,,,,,wb6,"2023-11-24 21:25:17"
1014,0,4,6,3,2,3,,,,,,,wb6,"2023-11-24 21:25:59"
1015,2,6,6,3,5,4,,,,,,,wb6,"2023-11-24 21:26:14"
1016,4,6,5,6,5,4,,,,,,,wb6,"2023-11-24 21:26:42"
1017,3,6,4,3,5,3,,,,,,,wb6,"2023-11-24 21:26:49"
1018,0,4,5,3,3,4,,,,,,,wb6,"2023-11-24 21:27:08"
1019,4,4,3,4,2,4,,,,,,,wb6,"2023-11-24 21:27:10"
1020,6,6,6,6,6,6,,,,,,,wb6,"2023-11-24 21:27:13"
1021,0,0,0,0,6,0,,,,,,,wb4,"2023-11-24 21:27:48"
1022,0,0,0,0,6,0,,,,,,,wb4,"2023-11-24 21:38:12"
1023,5,3,4,3,6,5,,,,,,,wb4,"2023-11-24 21:50:52"
1024,5,3,4,2,6,6,,,,,,,wb4,"2023-11-24 21:51:07"
1025,6,3,6,1,6,4,,,,,,,wb4,"2023-11-24 21:52:03"
1026,4,6,2,6,6,5,,,,,,,wb4,"2023-11-24 21:52:21"
1027,4,4,2,4,6,5,,,,,,,wb4,"2023-11-24 21:52:22"
1028,4,3,2,4,6,6,,,,,,,wb4,"2023-11-24 21:52:30"
1029,4,5,4,4,5,6,,,,,,,wb4,"2023-11-24 21:52:52"
1030,5,5,4,6,6,1,,,,,,,wb4,"2023-11-24 21:53:13"
1031,5,3,4,3,6,6,,,,,,,wb4,"2023-11-24 21:57:38"
1032,5,5,6,3,4,4,,,,,,,wb4,"2023-11-24 22:05:39"
1033,3,4,4,6,3,5,,,,,,,wb6,"2023-11-24 22:07:44"
1034,4,3,5,6,,,,,,,,,wb5,"2023-11-24 22:10:22"
1035,5,5,1,5,6,2,,,,,,,wb4,"2023-11-24 22:17:45"
1036,2,6,4,2,4,6,,,,,,,wb6,"2023-11-24 22:19:00"
1037,0,0,0,0,6,0,,,,,,,wb4,"2023-11-24 22:30:11"
1038,0,0,0,0,6,0,,,,,,,wb4,"2023-11-24 22:35:28"
1039,1,6,3,5,2,3,,,,,,,wb6,"2023-11-24 22:45:28"
1040,4,4,4,3,2,5,,,,,,,wb2,"2023-11-24 22:45:29"
1041,0,0,0,0,6,0,0,0,0,0,0,0,wbp,"2023-11-24 23:13:03"
1042,2,4,4,6,,,,,,,,,wb5,"2023-11-24 23:16:22"
1043,3,6,6,6,,,,,,,,,wb5,"2023-11-24 23:17:00"
1044,4,4,4,5,,,,,,,,,wb5,"2023-11-24 23:17:01"
1045,4,6,4,5,,,,,,,,,wb5,"2023-11-24 23:17:16"
1046,3,1,2,6,,,,,,,,,wb5,"2023-11-24 23:18:19"
1047,0,0,0,0,6,0,,,,,,,wb4,"2023-11-24 23:18:26"
1048,2,1,3,6,6,5,6,,,,,,wbt,"2023-11-24 23:19:11"
1049,1,2,3,2,1,1,1,,,,,,wbt,"2023-11-24 23:19:13"
1050,3,1,5,4,2,3,3,,,,,,wbt,"2023-11-24 23:19:38"
1051,4,1,4,6,3,1,1,,,,,,wbt,"2023-11-24 23:19:57"
1052,1,3,3,4,5,4,3,,,,,,wbt,"2023-11-24 23:22:56"
1053,4,3,5,3,2,2,1,,,,,,wbt,"2023-11-24 23:23:50"
1054,3,3,3,4,5,5,4,,,,,,wbt,"2023-11-24 23:24:05"
1055,3,3,4,5,4,2,5,,,,,,wbt,"2023-11-24 23:25:22"
1056,4,5,4,4,6,3,,,,,,,wb4,"2023-11-24 23:31:30"
1057,0,0,0,6,0,0,,,,,,,wb4,"2023-11-24 23:39:18"
1058,5,4,6,6,2,3,,,,,,,wb6,"2023-11-24 23:40:31"
1059,3,6,2,5,4,3,,,,,,,wb6,"2023-11-24 23:48:50"
1060,5,3,3,1,6,3,,,,,,,wb3,"2023-11-24 23:50:21"
1061,2,3,3,1,6,5,,,,,,,wb3,"2023-11-24 23:50:31"
1062,0,0,0,0,6,0,,,,,,,wb4,"2023-11-24 23:55:18"
1063,5,5,4,5,5,6,6,,,,,,wbt,"2023-11-24 23:59:53"
1064,6,1,2,4,6,6,,,,,,,wb6,"2023-11-25 00:01:09"
1065,4,5,4,4,5,6,,,,,,,wb6,"2023-11-25 00:01:45"
1066,1,6,3,6,6,2,6,,,,,,wbt,"2023-11-25 00:02:48"
1068,3,3,4,6,6,4,,,,,,,wb4,"2023-11-25 00:20:50"
1069,4,6,6,2,5,5,,,,,,,wb6,"2023-11-25 00:34:31"
1070,1,1,1,1,6,1,,,,,,,wb4,"2023-11-25 00:38:14"
1071,3,3,4,6,3,3,,,,,,,wb2,"2023-11-25 01:01:05"
1072,2,3,3,1,6,5,,,,,,,wb3,"2023-11-25 01:04:29"
1073,4,4,4,5,,,,,,,,,wb5,"2023-11-25 01:14:45"
1074,4,4,4,1,6,5,,,,,,,wb3,"2023-11-25 01:21:04"
1075,2,3,3,1,6,5,,,,,,,wb3,"2023-11-25 01:36:11"
1077,6,4,5,6,,,,,,,,,wb5,"2023-11-25 06:25:07"
1078,5,3,6,6,5,6,,,,,,,wb6,"2023-11-25 07:39:58"
1082,6,3,3,4,3,6,,,,,,,wb3,"2023-11-25 09:02:56"
1083,4,5,4,4,6,2,,,,,,,wb6,"2023-11-25 09:10:49"
1085,6,6,4,5,5,4,,,,,,,wb6,"2023-11-25 09:15:26"
1087,5,3,3,2,6,2,,,,,,,wb3,"2023-11-25 09:25:03"
1088,4,4,4,5,,,,,,,,,wb5,"2023-11-25 09:36:44"
1090,5,1,4,4,,,,,,,,,wb5,"2023-11-25 09:45:49"
1091,0,0,6,0,0,0,0,0,0,0,0,0,wbp,"2023-11-25 10:03:12"
1094,2,3,3,6,6,4,,,,,,,wb6,"2023-11-25 10:21:17"
1096,4,6,6,3,5,6,,,,,,,wb6,"2023-11-25 11:00:12"
1100,3,3,2,2,,,,,,,,,wb5,"2023-11-25 12:32:47"
1103,1,6,5,6,2,4,,,,,,,wb6,"2023-11-25 13:39:25"
1106,6,6,4,5,5,4,,,,,,,wb6,"2023-11-25 14:19:51"
1108,4,6,2,6,6,5,,,,,,,wb4,"2023-11-25 15:57:46"
1109,1,4,5,3,5,1,,,,,,,wb6,"2023-11-25 16:26:18"
1110,4,5,4,5,3,4,,,,,,,wb2,"2023-11-25 17:54:29"
1111,0,0,0,0,6,0,,,,,,,wb4,"2023-11-25 18:48:03"
1112,2,1,3,6,6,5,6,,,,,,wbt,"2023-11-25 18:53:32"
1113,2,1,3,6,6,5,6,,,,,,wbt,"2023-11-25 18:53:48"
1114,2,1,3,6,6,5,6,,,,,,wbt,"2023-11-25 18:53:53"
1115,2,1,3,6,6,5,6,,,,,,wbt,"2023-11-25 18:54:10"
1116,2,4,2,6,2,4,,,,,,,wb6,"2023-11-25 18:56:26"
1117,6,5,4,4,6,5,,,,,,,wb6,"2023-11-25 19:07:07"
1118,6,5,5,4,1,1,,,,,,,wb6,"2023-11-25 19:09:38"
1119,4,2,6,5,5,4,,,,,,,wb6,"2023-11-25 19:10:42"
1120,3,3,2,1,4,2,,,,,,,wb6,"2023-11-25 19:10:47"
1121,4,3,6,2,5,5,,,,,,,wb6,"2023-11-25 19:11:22"
1122,4,3,1,5,5,,,,,,,,wbd,"2023-11-25 19:14:24"
1123,5,6,4,4,4,,,,,,,,wbd,"2023-11-25 19:15:14"
1124,5,4,3,6,2,,,,,,,,wbd,"2023-11-25 19:15:21"
1125,6,6,2,4,3,,,,,,,,wbd,"2023-11-25 19:15:24"
1126,3,6,2,3,5,,,,,,,,wbd,"2023-11-25 19:15:24"
1127,3,4,6,3,4,,,,,,,,wbd,"2023-11-25 19:15:33"
1128,4,5,6,5,3,,,,,,,,wbd,"2023-11-25 19:15:36"
1129,3,5,6,3,4,,,,,,,,wbd,"2023-11-25 19:15:53"
1130,6,5,3,3,4,,,,,,,,wbd,"2023-11-25 19:16:14"
1131,4,6,6,6,5,,,,,,,,wbd,"2023-11-25 19:16:16"
1132,4,4,2,5,5,,,,,,,,wbd,"2023-11-25 19:16:25"
1133,6,6,6,5,6,,,,,,,,wbd,"2023-11-25 19:16:27"
1134,1,5,1,3,4,,,,,,,,wbd,"2023-11-25 19:16:29"
1135,4,4,2,3,2,,,,,,,,wbd,"2023-11-25 19:16:56"
1136,4,5,4,6,5,,,,,,,,wbd,"2023-11-25 19:17:03"
1137,6,4,3,3,4,,,,,,,,wbd,"2023-11-25 19:17:06"
1138,6,5,3,3,4,,,,,,,,wbd,"2023-11-25 19:17:19"
1139,4,5,3,2,5,,,,,,,,wbd,"2023-11-25 19:17:23"
1140,0,5,0,0,5,,,,,,,,wbd,"2023-11-25 19:18:25"
1141,6,3,1,4,5,,,,,,,,wbd,"2023-11-25 19:18:35"
1142,4,6,3,6,4,,,,,,,,wbd,"2023-11-25 19:18:42"
1143,4,6,4,3,3,,,,,,,,wbd,"2023-11-25 19:18:44"
1144,3,5,3,4,6,,,,,,,,wbd,"2023-11-25 19:18:58"
1145,4,4,5,6,5,,,,,,,,wbd,"2023-11-25 19:19:05"
1146,1,3,1,4,5,,,,,,,,wbd,"2023-11-25 19:19:08"
1147,6,5,2,3,4,,,,,,,,wbd,"2023-11-25 19:19:25"
1148,5,6,3,0,4,,,,,,,,wbd,"2023-11-25 19:19:52"
1149,3,6,6,5,4,2,,,,,,,wb6,"2023-11-25 19:39:25"
1150,5,4,6,5,6,5,,,,,,,wb6,"2023-11-25 19:39:45"
1151,4,6,5,5,6,5,,,,,,,wb6,"2023-11-25 19:39:45"
1152,5,4,6,5,6,4,,,,,,,wb6,"2023-11-25 19:40:11"
1153,0,5,6,0,1,0,,,,,,,wb6,"2023-11-25 19:40:21"
1154,6,5,4,4,6,5,,,,,,,wb6,"2023-11-25 19:57:18"
1155,3,5,6,3,4,,,,,,,,wbd,"2023-11-25 22:16:51"
1156,4,5,3,2,5,,,,,,,,wbd,"2023-11-25 22:31:29"
1157,4,5,3,6,4,4,,,,,,,wb6,"2023-11-25 23:25:31"
1158,4,3,2,5,,,,,,,,,wb5,"2023-11-26 00:51:30"
1159,6,6,4,5,5,4,,,,,,,wb6,"2023-11-26 05:54:36"
1160,0,0,0,0,6,4,,,,,,,wb4,"2023-11-26 11:23:09"
1161,5,4,2,5,6,5,,,,,,,wb6,"2023-11-26 12:22:32"
1162,0,0,0,0,0,0,,,,,,,wb4,"2023-11-26 17:14:04"
1163,1,6,1,4,5,5,,,,,,,wb6,"2023-11-26 18:01:46"
1164,2,5,6,5,3,6,,,,,,,wb6,"2023-11-26 18:21:17"
1165,4,5,6,3,2,6,,,,,,,wb6,"2023-11-26 19:03:01"
1166,5,4,3,3,5,6,,,,,,,wb3,"2023-11-26 19:49:22"
1167,4,5,6,5,3,,,,,,,,wbd,"2023-11-26 19:55:48"
1168,4,5,3,2,5,,,,,,,,wbd,"2023-11-26 21:24:03"
1169,2,1,3,6,6,5,6,,,,,,wbt,"2023-11-27 06:54:54"
1170,0,0,0,0,6,0,,,,,,,wb4,"2023-11-27 12:49:51"
1171,0,0,0,0,6,0,,,,,,,wb4,"2023-11-27 18:58:07"
1172,6,6,4,5,5,6,,,,,,,wb3,"2023-11-28 11:52:28"
1173,4,5,6,5,4,5,6,,,,,,wbt,"2023-11-28 17:13:20"
1174,6,6,6,6,6,6,,,,,,,wb3,"2023-11-30 03:34:57"
1175,6,5,6,6,6,5,,,,,,,wb3,"2023-11-30 08:38:39"
1176,2,3,5,5,5,5,,,,,,,wb6,"2023-12-07 00:37:18"
1177,5,3,4,3,6,6,,,,,,,wb4,"2023-12-08 19:15:00"
1178,2,4,3,0,,,,,,,,,wb5,"2023-12-26 10:47:27"
1179,3,0,0,0,0,5,NULL,NULL,NULL,NULL,NULL,NULL,wb2,"2024-02-01 09:43:22"
1180,6,4,0,0,4,4,NULL,NULL,NULL,NULL,NULL,NULL,wb2,"2024-02-01 09:43:48"
1181,0,3,5,0,0,4,NULL,NULL,NULL,NULL,NULL,NULL,wb2,"2024-02-01 09:44:22"
1182,0,0,2,3,0,4,NULL,NULL,NULL,NULL,NULL,NULL,wb2,"2024-02-01 09:44:58"
1183,0,0,0,0,0,5,NULL,NULL,NULL,NULL,NULL,NULL,wb2,"2024-02-01 09:45:38"
1184,4,3,5,3,0,0,NULL,NULL,NULL,NULL,NULL,NULL,wb2,"2024-02-01 09:46:39"
1185,0,5,5,0,2,5,NULL,NULL,NULL,NULL,NULL,NULL,wb3,"2024-02-03 11:48:21"
1186,4,3,0,3,0,0,NULL,NULL,NULL,NULL,NULL,NULL,wb3,"2024-02-05 14:20:08"
1187,4,0,0,0,0,4,NULL,NULL,NULL,NULL,NULL,NULL,wb3,"2024-02-05 14:20:26"
1188,0,0,0,0,0,4,NULL,NULL,NULL,NULL,NULL,NULL,wb3,"2024-02-05 14:20:48"
1189,5,3,4,0,4,6,NULL,NULL,NULL,NULL,NULL,NULL,wb3,"2024-02-05 21:56:34"
1190,0,0,0,0,0,0,NULL,NULL,NULL,NULL,NULL,NULL,wb3,"2024-03-05 12:11:33"
1191,5,3,5,2,3,4,NULL,NULL,NULL,NULL,NULL,NULL,wb3,"2024-03-05 12:12:07"
1192,0,0,0,0,0,0,NULL,NULL,NULL,NULL,NULL,NULL,wb2,"2024-03-06 11:42:06"
1193,2,4,0,0,0,0,NULL,NULL,NULL,NULL,NULL,NULL,wb2,"2024-03-14 12:31:07"
1194,5,5,5,5,5,5,NULL,NULL,NULL,NULL,NULL,NULL,wb1,"2024-03-17 13:48:20"
1195,5,5,5,5,5,5,NULL,NULL,NULL,NULL,NULL,NULL,wb1,"2024-03-17 13:49:46"
1196,5,5,4,4,3,4,NULL,NULL,NULL,NULL,NULL,NULL,wb1,"2024-03-17 13:51:44"
1197,0,0,0,0,0,0,NULL,NULL,NULL,NULL,NULL,NULL,wb1,"2024-03-17 14:22:52"
1198,5,0,5,0,5,2,NULL,NULL,NULL,NULL,NULL,NULL,wb1,"2024-03-17 14:58:29"
1199,5,0,5,0,5,2,NULL,NULL,NULL,NULL,NULL,NULL,wb1,"2024-03-17 14:58:40"
1200,5,2,6,2,5,4,NULL,NULL,NULL,NULL,NULL,NULL,wb1,"2024-03-17 15:00:37"
1201,4,0,4,0,6,3,NULL,NULL,NULL,NULL,NULL,NULL,wb1,"2024-03-17 15:06:28"
1202,4,0,4,0,6,3,NULL,NULL,NULL,NULL,NULL,NULL,wb1,"2024-03-17 15:08:46"
1203,0,0,0,0,0,0,NULL,NULL,NULL,NULL,NULL,NULL,wb1,"2024-03-17 15:20:44"
1204,4,0,5,4,0,5,NULL,NULL,NULL,NULL,NULL,NULL,wb1,"2024-03-17 15:22:27"
1205,0,0,0,0,0,0,NULL,NULL,NULL,NULL,NULL,NULL,wb1,"2024-03-17 15:30:07"
1206,5,1,6,4,3,5,NULL,NULL,NULL,NULL,NULL,NULL,wb1,"2024-03-17 15:33:12"
1207,0,0,0,0,0,0,NULL,NULL,NULL,NULL,NULL,NULL,wb1,"2024-03-17 15:33:36"
1208,0,0,0,0,0,0,NULL,NULL,NULL,NULL,NULL,NULL,wb1,"2024-03-17 15:34:09"
1209,0,0,0,0,0,4,NULL,NULL,NULL,NULL,NULL,NULL,wb1,"2024-03-17 15:34:42"
1210,0,0,0,0,0,4,NULL,NULL,NULL,NULL,NULL,NULL,wb1,"2024-03-17 15:36:07"
1211,0,0,0,0,0,4,NULL,NULL,NULL,NULL,NULL,NULL,wb1,"2024-03-17 15:36:35"
1212,0,0,0,0,0,4,NULL,NULL,NULL,NULL,NULL,NULL,wb1,"2024-03-17 15:37:40"
1213,0,0,0,0,0,4,NULL,NULL,NULL,NULL,NULL,NULL,wb1,"2024-03-17 15:38:35"
1214,0,0,0,0,0,4,NULL,NULL,NULL,NULL,NULL,NULL,wb1,"2024-03-17 15:39:51"
1215,6,3,6,4,5,4,NULL,NULL,NULL,NULL,NULL,NULL,wb1,"2024-03-17 15:40:46"
1216,6,3,6,4,5,4,NULL,NULL,NULL,NULL,NULL,NULL,wb1,"2024-03-17 15:42:49"
1217,6,3,6,4,5,4,NULL,NULL,NULL,NULL,NULL,NULL,wb1,"2024-03-17 15:46:08"
1218,6,3,6,4,5,4,NULL,NULL,NULL,NULL,NULL,NULL,wb1,"2024-03-17 15:46:39"
1219,6,3,6,4,5,4,NULL,NULL,NULL,NULL,NULL,NULL,wb1,"2024-03-17 15:47:41"
1220,6,3,6,4,5,4,NULL,NULL,NULL,NULL,NULL,NULL,wb1,"2024-03-17 15:48:03"
1221,6,3,6,4,5,4,NULL,NULL,NULL,NULL,NULL,NULL,wb1,"2024-03-17 15:48:50"
1222,6,3,6,4,5,4,NULL,NULL,NULL,NULL,NULL,NULL,wb1,"2024-03-17 15:49:05"
1223,5,0,0,0,0,3,NULL,NULL,NULL,NULL,NULL,NULL,wb1,"2024-03-17 15:50:33"
1224,5,0,0,0,0,3,NULL,NULL,NULL,NULL,NULL,NULL,wb1,"2024-03-17 15:50:54"
1225,5,0,0,0,0,3,NULL,NULL,NULL,NULL,NULL,NULL,wb1,"2024-03-17 15:55:55"
1226,5,0,0,0,0,3,NULL,NULL,NULL,NULL,NULL,NULL,wb1,"2024-03-17 15:59:52"
1227,5,0,0,0,0,3,NULL,NULL,NULL,NULL,NULL,NULL,wb1,"2024-03-17 16:01:41"
1228,5,0,0,0,0,3,NULL,NULL,NULL,NULL,NULL,NULL,wb1,"2024-03-17 16:02:01"
1229,5,0,0,0,0,3,NULL,NULL,NULL,NULL,NULL,NULL,wb1,"2024-03-17 16:02:28"
1230,5,0,0,0,0,3,NULL,NULL,NULL,NULL,NULL,NULL,wb1,"2024-03-17 16:02:54"
1231,5,0,0,0,0,3,NULL,NULL,NULL,NULL,NULL,NULL,wb1,"2024-03-17 16:03:11"
1232,5,0,0,0,0,3,NULL,NULL,NULL,NULL,NULL,NULL,wb1,"2024-03-17 16:03:56"
1233,4,4,4,4,4,4,2,NULL,NULL,NULL,NULL,NULL,wbt,"2024-03-17 16:08:07"
1234,5,5,5,4,4,5,5,NULL,NULL,NULL,NULL,NULL,wbt,"2024-03-17 16:10:07"
1235,4,4,4,2,4,0,NULL,NULL,NULL,NULL,NULL,NULL,wb1,"2024-03-17 16:11:54"
1236,4,4,4,2,4,0,NULL,NULL,NULL,NULL,NULL,NULL,wb1,"2024-03-17 16:12:11"
1237,4,4,4,2,4,0,NULL,NULL,NULL,NULL,NULL,NULL,wb1,"2024-03-17 16:12:26"
1238,4,3,4,4,2,3,NULL,NULL,NULL,NULL,NULL,NULL,wb6,"2024-03-17 16:13:28"
1239,4,3,4,4,2,3,NULL,NULL,NULL,NULL,NULL,NULL,wb6,"2024-03-17 16:13:53"
1240,4,3,4,4,2,3,NULL,NULL,NULL,NULL,NULL,NULL,wb6,"2024-03-17 16:14:01"
1241,4,3,4,4,2,3,NULL,NULL,NULL,NULL,NULL,NULL,wb6,"2024-03-17 16:14:07"
1242,4,0,2,4,2,6,NULL,NULL,NULL,NULL,NULL,NULL,wb1,"2024-03-17 16:17:39"
1243,5,5,1,4,3,5,NULL,NULL,NULL,NULL,NULL,NULL,wb1,"2024-03-17 19:11:00"
1244,4,4,4,6,6,6,NULL,NULL,NULL,NULL,NULL,NULL,wb1,"2024-03-17 19:12:46"
1245,6,3,4,6,2,5,NULL,NULL,NULL,NULL,NULL,NULL,wb1,"2024-03-17 19:19:21"
1246,4,5,3,5,6,2,NULL,NULL,NULL,NULL,NULL,NULL,wb1,"2024-03-17 19:27:13"
1247,2,1,4,5,5,3,NULL,NULL,NULL,NULL,NULL,NULL,wb2,"2024-03-18 14:00:11"
